{"cameraMode":{"drawMode":0,"name":"Shaded","section":"Shading Mode"},"sceneLighting":true,"audioPlay":false,"sceneViewState":{"showFog":false,"showMaterialUpdate":false,"showSkybox":false,"showFlares":false,"showImageEffects":false,"showParticleSystems":true},"in2DMode":false,"pivot":{"x":2.9200000762939455,"y":-1.7200000286102296,"z":24.0},"rotation":{"x":-0.000018963017282658257,"y":-0.9998682141304016,"z":-0.016190936788916589,"w":0.0011991841020062566},"size":75.45341491699219,"orthographic":false}